chromosome	start	end	ref	alt	dbsnp	Gene	where_in_gene
chrX	66765627	66765627	G	A	rs6152	AR	synonymous_variant
chr11	108175463	108175463	A	T	rs1801673	ATM	missense_variant
chr2	215632255	215632255	C	T	rs2070094	BARD1	missense_variant
chr2	215674224	215674224	G	A	rs1048108	BARD1	missense_variant
chr13	32906729	32906729	A	C	rs144848	BRCA2	missense_variant
chr13	32911888	32911888	A	G	rs1801406	BRCA2	synonymous_variant
chr13	32912299	32912299	T	C	rs543304	BRCA2	synonymous_variant
chr17	59760996	59760996	A	G	rs4986763	BRIP1	synonymous_variant
chr17	59763347	59763347	A	G	rs4986764	BRIP1	missense_variant
chr17	59763465	59763465	T	C	rs4986765	BRIP1	synonymous_variant
chr2	202122995	202122995	A	G	rs3769823	CASP8	missense_variant
chr17	37884037	37884037	C	G	rs1058808	ERBB2	missense_variant
chr17	7579472	7579472	G	C	rs1042522	TP53	missense_variant
chrX	66766357	66766374	GGCGGCGGCGGCGGCGGC		.	AR	inframe_deletion
chr22	29085168	29085168	C	G	.	CHEK2	synonymous_variant
chr2	215674175	215674175	G	A	rs71579841	BARD1	missense_variant
chr17	37856502	37856502	C	A	.	ERBB2	missense_variant
chr16	23646191	23646191	T	C	rs152451	PALB2	missense_variant
chr2	215645545	215645545	C	G	rs2070096	BARD1	synonymous_variant
chr17	41244936	41244936	G	A	rs799917	BRCA1	missense_variant
chr13	32906729	32906729	A	C	rs144848	BRCA2	missense_variant
chr13	32914592	32914592	C	T	rs1799954	BRCA2	missense_variant
chr17	59760996	59760996	A	G	rs4986763	BRIP1	synonymous_variant
chr17	59763347	59763347	A	G	rs4986764	BRIP1	missense_variant
chr17	59763465	59763465	T	C	rs4986765	BRIP1	synonymous_variant
chr16	68857441	68857441	T	C	rs1801552	CDH1	synonymous_variant
chr17	37879588	37879588	A	G	rs1136201	ERBB2	missense_variant
chr17	37884037	37884037	C	G	rs1058808	ERBB2	missense_variant
chr8	90967711	90967711	A	G	rs709816	NBN	synonymous_variant
chr16	23646191	23646191	T	C	rs152451	PALB2	missense_variant
chrX	66765627	66765627	G	A	rs6152	AR	synonymous_variant
chrX	66766357	66766374	GGCGGCGGCGGCGGCGGC		.	AR	inframe_deletion
chr11	108175463	108175463	A	T	rs1801673	ATM	missense_variant
chr13	32911888	32911888	A	G	rs1801406	BRCA2	synonymous_variant
chr13	32912299	32912299	T	C	rs543304	BRCA2	synonymous_variant
chr2	202122995	202122995	A	G	rs3769823	CASP8	missense_variant
chr17	37879588	37879588	A	G	rs1136201	ERBB2	missense_variant
chr8	90958422	90958422	T	C	rs1061302	NBN	synonymous_variant
chr8	90967711	90967711	A	G	rs709816	NBN	synonymous_variant
chr8	90990479	90990479	C	G	rs1805794	NBN	missense_variant
chr8	90995019	90995019	C	T	rs1063045	NBN	synonymous_variant
chr19	41858921	41858921	G	A	rs1800470	TGFB1	missense_variant
chr17	7579472	7579472	G	C	rs1042522	TP53	missense_variant
chr2	215632256	215632256	A	G	rs2070093	BARD1	synonymous_variant
chr2	215645464	215645464	C	G	rs2229571	BARD1	missense_variant
chr17	41223094	41223094	T	C	rs1799966	BRCA1	missense_variant
chr17	41234470	41234470	A	G	rs1060915	BRCA1	synonymous_variant
chr17	41244000	41244000	T	C	rs16942	BRCA1	missense_variant
chr17	41244435	41244435	T	C	rs16941	BRCA1	missense_variant
chr17	41244936	41244936	G	A	rs799917	BRCA1	missense_variant
chr17	41245237	41245237	A	G	rs16940	BRCA1	synonymous_variant
chr17	41245466	41245466	G	A	rs1799949	BRCA1	synonymous_variant
chr13	32906480	32906480	A	C	rs766173	BRCA2	missense_variant
chr13	32906980	32906980	A	G	rs1801439	BRCA2	synonymous_variant
chr13	32910721	32910721	T	C	rs1801499	BRCA2	synonymous_variant
chr13	32911463	32911463	A	G	rs1799944	BRCA2	missense_variant
chr13	32912299	32912299	T	C	rs543304	BRCA2	synonymous_variant
chr17	59760996	59760996	A	G	rs4986763	BRIP1	synonymous_variant
chr17	59763347	59763347	A	G	rs4986764	BRIP1	missense_variant
chr17	59763465	59763465	T	C	rs4986765	BRIP1	synonymous_variant
chr22	29121019	29121019	G	A	rs77130927	CHEK2	missense_variant
chr17	37884037	37884037	C	G	rs1058808	ERBB2	missense_variant
chr19	41858602	41858602	G	A	rs56281462	TGFB1	synonymous_variant
chr17	7579472	7579472	G	C	rs1042522	TP53	missense_variant
chr11	108175462	108175462	G	A	rs1801516	ATM	missense_variant
chr17	41223094	41223094	T	C	rs1799966	BRCA1	missense_variant
chr17	41234470	41234470	A	G	rs1060915	BRCA1	synonymous_variant
chr17	41243840	41243840	A	C	rs28897687	BRCA1	missense_variant
chr17	41244000	41244000	T	C	rs16942	BRCA1	missense_variant
chr17	41244435	41244435	T	C	rs16941	BRCA1	missense_variant
chr17	41244936	41244936	G	A	rs799917	BRCA1	missense_variant
chr17	41245237	41245237	A	G	rs16940	BRCA1	synonymous_variant
chr17	41245466	41245466	G	A	rs1799949	BRCA1	synonymous_variant
chr2	202149696	202149696	G	A	rs1045487	CASP8	synonymous_variant
chr16	68857441	68857441	T	C	rs1801552	CDH1	synonymous_variant
chr17	37879588	37879588	A	G	rs1136201	ERBB2	missense_variant
chr16	23646191	23646191	T	C	rs152451	PALB2	missense_variant
chr19	41858876	41858876	C	G	rs1800471	TGFB1	missense_variant
